ei	numCTs	pathway_name	gene_symbol	numVariantsAssociatedToGene	gp_class_names	pli	geneDescription	year_initial	year_final	num_pmids_evid	numDiseasesAssociatedToGene	num_pmid_assoc	pathway_id	score	gene_ncbi	gene_ensembl	gene_type	number_chem_evidence	genep_str_ids	dsi	dpi	num_var_dis
0.9038461538461539	2	Signal Transduction	HTR1A	1	G-protein coupled receptor	2.3419E-4	5-hydroxytryptamine receptor 1A	2013	2014	30	29	5	R-HSA-162582	0.95	3350	ENSG00000178394	protein-coding	13	P08908	0.47	0.91	0
0.8306451612903226	68	Signal Transduction,Disease,Immune System,Metabolism of proteins,Gene expression (Transcription),Cellular responses to stimuli	IL6	7		0.19935	interleukin 6	2011	2014	45	209	5	R-HSA-162582,R-HSA-1643685,R-HSA-168256,R-HSA-392499,R-HSA-74160,R-HSA-8953897	0.95	3569	ENSG00000136244	protein-coding	58	P05231	0.23	1.0	0
0.8716417910447761	64	Signal Transduction,Disease,Gene expression (Transcription)	BDNF	35	Signaling	0.99974	brain derived neurotrophic factor	2012	2015	63	54	5	R-HSA-162582,R-HSA-1643685,R-HSA-74160	0.95	627	ENSG00000176697	protein-coding	46	P23560	0.33	0.96	0
0.8555555555555555	6	Neuronal System	SLC6A4	97	Transporter	0.99985	solute carrier family 6 member 4	2014	2015	57	59	4	R-HSA-112316	0.95	6532	ENSG00000108576	protein-coding	23	P31645	0.41	0.96	0
0.7641509433962265	44	Immune System	CRP	1		5.414E-4	C-reactive protein	2012	2012	38	65	2	R-HSA-168256	0.95	1401	ENSG00000132693	protein-coding	45	P02741	0.25	1.0	0
1.0	4	Neuronal System,Signal Transduction	GRM5	49	G-protein coupled receptor	0.99953	glutamate metabotropic receptor 5	2010	2014	5	14	3	R-HSA-112316,R-HSA-162582	0.9	2915	ENSG00000168959	protein-coding	6	P41594	0.48	0.91	13
0.9111111111111111	2	Signal Transduction,Gene expression (Transcription)	CRH	1	Signaling	0.0059146	corticotropin releasing hormone	2010	2013	19	43	5	R-HSA-162582,R-HSA-74160	0.85	1392	ENSG00000147571	protein-coding	12	P06850	0.43	0.91	0
0.9666666666666667	4	Metabolism,Drug ADME	CYP2C19	8		4.4942E-22	cytochrome P450 family 2 subfamily C member 19	1996	2013	14	33	5	R-HSA-1430728,R-HSA-9748784	0.85	1557	ENSG00000165841	protein-coding	12	P33261	0.42	0.96	0
0.9722222222222222	5	Metabolism,Drug ADME	CYP2D6	9		7.7866E-23	cytochrome P450 family 2 subfamily D member 6 (gene/pseudogene)	2011	2014	22	45	5	R-HSA-1430728,R-HSA-9748784	0.85	1565	ENSG00000100197	protein-coding	19	P10635	0.41	0.96	2
0.9032258064516129	2	Signal Transduction,Disease,Metabolism of proteins,Gene expression (Transcription),Cellular responses to stimuli	NR3C1	118	Nuclear receptor	1.0	nuclear receptor subfamily 3 group C member 1	2014	2015	5	45	5	R-HSA-162582,R-HSA-1643685,R-HSA-392499,R-HSA-74160,R-HSA-8953897	0.85	2908	ENSG00000113580	protein-coding	7	P04150	0.37	0.96	0
0.9245283018867925	2	Neuronal System,Metabolism,Disease,Immune System	MAOA	36			monoamine oxidase A	2011	2015	11	39	5	R-HSA-112316,R-HSA-1430728,R-HSA-1643685,R-HSA-168256	0.85	4128	ENSG00000189221	protein-coding	16	P21397	0.44	0.96	0
0.8571428571428571	2	Signal Transduction	HTR2A	2	G-protein coupled receptor	0.35656	5-hydroxytryptamine receptor 2A	2012	2014	13	42	5	R-HSA-162582	0.85	3356	ENSG00000102468	protein-coding	10	P28223	0.44	0.96	0
0.8723404255319149	55	Developmental Biology,Signal Transduction,Immune System	TNF	9	Signaling	0.85687	tumor necrosis factor	2011	2013	33	310	5	R-HSA-1266738,R-HSA-162582,R-HSA-168256	0.85	7124	ENSG00000232810	protein-coding	41	P01375	0.23	1.0	0
0.9210526315789473	3	Signal Transduction,Immune System,Gene expression (Transcription),Cellular responses to stimuli	FKBP5	18	Enzyme	0.14038	FKBP prolyl isomerase 5	2013	2015	2	19	4	R-HSA-162582,R-HSA-168256,R-HSA-74160,R-HSA-8953897	0.85	2289	ENSG00000096060	protein-coding	3	Q13451	0.48	0.96	0
0.9705882352941176	17	Disease,Immune System,Programmed Cell Death	IL1B	4		0.48761	interleukin 1 beta	2008	2014	7	163	4	R-HSA-1643685,R-HSA-168256,R-HSA-5357801	0.85	3553	ENSG00000125538	protein-coding	15	P01584	0.28	0.96	0
0.8	1	Signal Transduction,Immune System	S100B	0	Calcium-binding protein	0.05819	S100 calcium binding protein B	2009	2010	1	30	3	R-HSA-162582,R-HSA-168256	0.85	6285	ENSG00000160307	protein-coding	1	P04271	0.4	0.96	0
0.7857142857142857	1	Hemostasis	S100A10	1	Calcium-binding protein	0.53932	S100 calcium binding protein A10	2010	2011	3	14	2	R-HSA-109582	0.85	6281	ENSG00000197747	protein-coding	2	P60903	0.52	0.87	0
1.0	8	Immune System,Gene expression (Transcription)	IFNG	19		0.10687	interferon gamma	2013	2013	5	132	1	R-HSA-168256,R-HSA-74160	0.85	3458	ENSG00000111537	protein-coding	9	P01579	0.27	1.0	0
0.9	4	Signal Transduction,Immune System,Cellular responses to stimuli	CCL2	2	Signaling	0.098507	C-C motif chemokine ligand 2	2004	2004	1	106	1	R-HSA-162582,R-HSA-168256,R-HSA-8953897	0.85	6347	ENSG00000108691	protein-coding	1	P13500	0.3	0.96	0
0.9069767441860465	0	Metabolism	TPH2	5		0.71682	tryptophan hydroxylase 2	2007	2015	6	19	5	R-HSA-1430728	0.8	121278	ENSG00000139287	protein-coding	3	Q8IWU9	0.52	0.83	1
0.972972972972973	0	Developmental Biology,Metabolism,Muscle contraction	CACNA1C	669	Ion channel	1.0	calcium voltage-gated channel subunit alpha1 C	2014	2014	1	67	5	R-HSA-1266738,R-HSA-1430728,R-HSA-397014	0.8	775	ENSG00000151067	protein-coding	2	Q13936	0.46	0.91	7
0.8461538461538461	0	Metabolism	MTHFR	219		1.0185E-11	methylenetetrahydrofolate reductase	2012	2014	2	212	5	R-HSA-1430728	0.8	4524	ENSG00000177000	protein-coding	3	P42898	0.32	0.91	1
0.9090909090909091	0	Signal Transduction	CRHR1	14	G-protein coupled receptor	0.0041282	corticotropin releasing hormone receptor 1	2012	2013	2	24	5	R-HSA-162582	0.8	1394	ENSG00000120088	protein-coding	2	P34998	0.5	0.96	2
0.9629629629629629	0	Signal Transduction,Disease	NTRK2	26	Kinase	1.0	neurotrophic receptor tyrosine kinase 2	2009	2013	0	43	5	R-HSA-162582,R-HSA-1643685	0.8	4915	ENSG00000148053	protein-coding	0	Q16620	0.41	0.91	2
1.0	8	Hemostasis,Signal Transduction,Disease,Immune System,Gene expression (Transcription),Cellular responses to stimuli	VEGFA	8	Signaling	0.1881	vascular endothelial growth factor A	2007	2014	6	110	5	R-HSA-109582,R-HSA-162582,R-HSA-1643685,R-HSA-168256,R-HSA-74160,R-HSA-8953897	0.8	7422	ENSG00000112715	protein-coding	8	P15692	0.25	0.96	0
0.8888888888888888	1	Transport of small molecules,Drug ADME	ABCB1	17	Transporter	1.7784E-5	ATP binding cassette subfamily B member 1	2013	2015	11	88	5	R-HSA-382551,R-HSA-9748784	0.8	5243	ENSG00000085563	protein-coding	8	P08183	0.34	0.91	0
0.8947368421052632	1	Neuronal System,Metabolism,Disease	COMT	22	Enzyme	4.9511E-4	catechol-O-methyltransferase	2013	2015	12	81	5	R-HSA-112316,R-HSA-1430728,R-HSA-1643685	0.8	1312	ENSG00000093010	protein-coding	12	P21964	0.39	0.96	0
1.0	1	Signal Transduction	GRM7	28	G-protein coupled receptor	0.36055	glutamate metabotropic receptor 7	2010	2013	1	21	4	R-HSA-162582	0.8	2917	ENSG00000196277	protein-coding	1	Q14831	0.52	0.91	1
0.8333333333333334	1	Disease,Transport of small molecules	SLC6A2	11	Transporter	0.89793	solute carrier family 6 member 2	2014	2015	6	14	4	R-HSA-1643685,R-HSA-382551	0.8	6530	ENSG00000103546	protein-coding	5	P23975	0.56	0.83	0
1.0	0	Signal Transduction	DRD2	31	G-protein coupled receptor	0.99986	dopamine receptor D2	2012	2014	5	54	4	R-HSA-162582	0.8	1813	ENSG00000149295	protein-coding	5	P14416	0.4	0.96	4
0.7619047619047619	1	Developmental Biology,Signal Transduction	GDNF	59	Signaling	0.59662	glial cell derived neurotrophic factor	2008	2014	3	38	4	R-HSA-1266738,R-HSA-162582	0.8	2668	ENSG00000168621	protein-coding	3	P39905	0.42	0.91	0
0.9375	2	Signal Transduction	OXT	1	Signaling	1.9937E-6	oxytocin/neurophysin I prepropeptide	2009	2011	3	37	3	R-HSA-162582	0.8	5020	ENSG00000101405	protein-coding	3	P01178	0.44	0.96	0
0.8181818181818182	10	Developmental Biology,Signal Transduction,Metabolism of proteins	LEP	66		0.0070036	leptin	1998	1998	5	61	1	R-HSA-1266738,R-HSA-162582,R-HSA-392499	0.8	3952	ENSG00000174697	protein-coding	4	P41159	0.32	0.96	0
0.9607843137254902	0		DISC1	8		5.763E-15	DISC1 scaffold protein	2014	2015	0	23	5		0.75	27185	ENSG00000162946	protein-coding	0	Q9NRI5	0.53	0.91	0
0.9375	0	Signal Transduction,Gene expression (Transcription)	NPY	0	Signaling	0.0015886	neuropeptide Y	2011	2013	3	40	5	R-HSA-162582,R-HSA-74160	0.75	4852	ENSG00000122585	protein-coding	3	P01303	0.41	0.96	0
1.0	0	Sensory Perception	PCLO	82		1.0	piccolo presynaptic cytomatrix protein	2011	2014	0	7	5	R-HSA-9709957	0.75	27445	ENSG00000186472	protein-coding	0	Q9Y6V0	0.59	0.87	9
0.9259259259259259	0	Signal Transduction	HTR2C	2	G-protein coupled receptor		5-hydroxytryptamine receptor 2C	2010	2014	7	19	5	R-HSA-162582	0.75	3358	ENSG00000147246	protein-coding	6	P28335	0.49	0.91	0
0.875	0	Metabolism,Chromatin organization,Cellular responses to stimuli	CLOCK	11		0.9672	clock circadian regulator	2013	2015	1	14	5	R-HSA-1430728,R-HSA-4839726,R-HSA-8953897	0.75	9575	ENSG00000134852	protein-coding	1	O15516	0.48	0.87	0
0.8888888888888888	0	Signal Transduction	HTR1B	2	G-protein coupled receptor	0.12734	5-hydroxytryptamine receptor 1B	2009	2012	5	23	4	R-HSA-162582	0.75	3351	ENSG00000135312	protein-coding	6	P28222	0.52	0.87	0
0.7777777777777778	0	Metabolism of proteins,Gene expression (Transcription),Cellular responses to stimuli	NR3C2	116	Nuclear receptor	1.0	nuclear receptor subfamily 3 group C member 2	2007	2011	3	18	4	R-HSA-392499,R-HSA-74160,R-HSA-8953897	0.75	4306	ENSG00000151623	protein-coding	5	P08235	0.44	0.96	0
1.0	0	Signal Transduction	CNR1	0	G-protein coupled receptor	0.31479	cannabinoid receptor 1	2008	2013	2	48	4	R-HSA-162582	0.75	1268	ENSG00000118432	protein-coding	2	P21554	0.44	0.91	0
0.8787878787878788	0	Neuronal System,Developmental Biology,Signal Transduction,Disease,Immune System,Organelle biogenesis and maintenance,Gene expression (Transcription),Cellular responses to stimuli	CREB1	6		1.0	cAMP responsive element binding protein 1	2013	2014	4	17	4	R-HSA-112316,R-HSA-1266738,R-HSA-162582,R-HSA-1643685,R-HSA-168256,R-HSA-1852241,R-HSA-74160,R-HSA-8953897	0.75	1385	ENSG00000118260	protein-coding	3	P16220	0.42	0.96	0
0.8571428571428571	2	Signal Transduction,Disease,Cellular responses to stimuli	FKBP4	1	Enzyme	1.2467E-4	FKBP prolyl isomerase 4	2009	2009	1	2	2	R-HSA-162582,R-HSA-1643685,R-HSA-8953897	0.75	2288	ENSG00000004478	protein-coding	2	Q02790	0.53	0.83	0
0.9230769230769231	0	Signal Transduction,Gene expression (Transcription)	SST	0	Signaling	0.0050931	somatostatin	2011	2012	1	23	2	R-HSA-162582,R-HSA-74160	0.75	6750	ENSG00000157005	protein-coding	1	P61278	0.43	0.96	0
0.8947368421052632	0	Signal Transduction,Autophagy	GFAP	112		2.8326E-9	glial fibrillary acidic protein	2008	2009	1	36	2	R-HSA-162582,R-HSA-9612973	0.75	2670	ENSG00000131095	protein-coding	1	P14136	0.35	0.91	0
1.0	2	Metabolism	MAOB	1			monoamine oxidase B	2007	2009	3	20	2	R-HSA-1430728	0.75	4129	ENSG00000069535	protein-coding	5	P27338	0.5	0.96	0
0.8333333333333334	1	Developmental Biology,Extracellular matrix organization,Signal Transduction,Immune System	NCAM1	54		1.0	neural cell adhesion molecule 1	2008	2008	1	23	1	R-HSA-1266738,R-HSA-1474244,R-HSA-162582,R-HSA-168256	0.75	4684	ENSG00000149294	protein-coding	1	P13591	0.35	0.96	6
1.0	1	Extracellular matrix organization,Signal Transduction,Disease,Cellular responses to stimuli	KDR	23	Kinase	1.0	kinase insert domain receptor	2009	2009	0	62	1	R-HSA-1474244,R-HSA-162582,R-HSA-1643685,R-HSA-8953897	0.75	3791	ENSG00000128052	protein-coding	0	P35968	0.34	0.91	0
0.8333333333333334	0	Developmental Biology,Signal Transduction,Cell Cycle,Disease,Gene expression (Transcription),Cellular responses to stimuli	GSK3B	10	Kinase	0.89836	glycogen synthase kinase 3 beta	2010	2014	2	37	5	R-HSA-1266738,R-HSA-162582,R-HSA-1640170,R-HSA-1643685,R-HSA-74160,R-HSA-8953897	0.7	2932	ENSG00000082701	protein-coding	1	P49841	0.41	0.91	0
0.8571428571428571	0	Signal Transduction	DRD4	4	G-protein coupled receptor	7.0522E-14	dopamine receptor D4	1999	2010	2	35	4	R-HSA-162582	0.7	1815	ENSG00000069696	protein-coding	3	P21917	0.49	0.96	0
0.9	0	Metabolism,Signal Transduction	TPH1	6		1.6579E-8	tryptophan hydroxylase 1	2012	2013	8	19	4	R-HSA-1430728,R-HSA-162582	0.7	7166	ENSG00000129167	protein-coding	6	P17752	0.49	0.91	0
1.0	1	Immune System,Vesicle-mediated transport	HP	3			haptoglobin	1993	1997	1	52	3	R-HSA-168256,R-HSA-5653656	0.7	3240	ENSG00000257017	protein-coding	1	P00738	0.33	0.96	0
0.8125	0	Hemostasis,Neuronal System,Metabolism,Signal Transduction,Disease,Transport of small molecules,Metabolism of proteins,Cellular responses to stimuli,Sensory Perception	GNB3	5	Enzyme	3.7747E-9	G protein subunit beta 3	2011	2014	3	23	3	R-HSA-109582,R-HSA-112316,R-HSA-1430728,R-HSA-162582,R-HSA-1643685,R-HSA-382551,R-HSA-392499,R-HSA-8953897,R-HSA-9709957	0.7	2784	ENSG00000111664	protein-coding	4	P16520	0.5	0.91	0
0.9411764705882353	0	Metabolism of proteins	ACE	168	Enzyme	5.7955E-32	angiotensin I converting enzyme	2012	2012	3	123	2	R-HSA-392499	0.7	1636	ENSG00000159640	protein-coding	3	P12821	0.33	0.96	0
0.875	0	Neuronal System,Signal Transduction	NEFL	242		8.6986E-10	neurofilament light chain	2004	2005	2	34	2	R-HSA-112316,R-HSA-162582	0.7	4747	ENSG00000277586	protein-coding	1	P07196	0.38	0.91	0
0.8571428571428571	1	Signal Transduction	OXTR	109	G-protein coupled receptor	3.137E-7	oxytocin receptor	2009	2011	0	28	2	R-HSA-162582	0.7	5021	ENSG00000180914	protein-coding	0	P30559	0.49	0.87	0
1.0	1	Signal Transduction,Immune System,Gene expression (Transcription)	IL2RA	164	Receptor	5.1734E-6	interleukin 2 receptor subunit alpha	2010	2010	0	29	1	R-HSA-162582,R-HSA-168256,R-HSA-74160	0.7	3559	ENSG00000134460	protein-coding	0	P01589	0.36	0.91	0
1.0	1	Hemostasis,Disease,Immune System	IFNA1	0		0.33768	interferon alpha 1	2012	2012	0	22	1	R-HSA-109582,R-HSA-1643685,R-HSA-168256	0.7	3439	ENSG00000197919	protein-coding	0	P01562	0.4	0.96	0
1.0	2	Signal Transduction,Immune System	CXCL10	0	Signaling	0.10052	C-X-C motif chemokine ligand 10	2008	2008	1	21	1	R-HSA-162582,R-HSA-168256	0.7	3627	ENSG00000169245	protein-coding	1	P02778	0.34	0.91	0
1.0	0	Metabolism of proteins	LSAMP	11		0.99996	limbic system associated membrane protein	2012	2012	0	3	1	R-HSA-392499	0.7	4045	ENSG00000185565	protein-coding	0	Q13449	0.55	0.87	1
0.6666666666666666	1		MAP2	6		1.0	microtubule associated protein 2	2004	2004	1	13	1		0.7	4133	ENSG00000078018	protein-coding	1	P11137	0.51	0.91	0
0.9	0	Hemostasis,Developmental Biology,Signal Transduction,Disease,Vesicle-mediated transport,Cellular responses to stimuli	EGF	95		1.2301E-17	epidermal growth factor	2012	2012	1	40	1	R-HSA-109582,R-HSA-1266738,R-HSA-162582,R-HSA-1643685,R-HSA-5653656,R-HSA-8953897	0.7	1950	ENSG00000138798	protein-coding	1	P01133	0.33	0.96	0
0.8333333333333334	0		DEAF1	65		1.6228E-18	DEAF1 transcription factor	2004	2012	0	15	5		0.65	10522	ENSG00000177030	protein-coding	0	O75398	0.54	0.87	0
0.8888888888888888	0	Neuronal System,Gene expression (Transcription)	GAD1	92	Enzyme	0.27606	glutamate decarboxylase 1	2006	2014	1	31	5	R-HSA-112316,R-HSA-74160	0.65	2571	ENSG00000128683	protein-coding	1	Q99259	0.45	0.91	0
0.8571428571428571	0	Signal Transduction	PDYN	52	Signaling	0.49146	prodynorphin	2001	2013	1	37	4	R-HSA-162582	0.65	5173	ENSG00000101327	protein-coding	1	P01213	0.5	0.87	0
0.75	0	Neuronal System	PDLIM5	18	Cellular structure	0.01463	PDZ and LIM domain 5	2005	2013	1	7	4	R-HSA-112316	0.65	10611	ENSG00000163110	protein-coding	1	Q96HC4	0.59	0.83	0
0.7142857142857143	0	Metabolism	TH	324			tyrosine hydroxylase	1991	2013	3	33	4	R-HSA-1430728	0.65	7054	ENSG00000180176	protein-coding	4	P07101	0.45	0.87	0
1.0	0	Metabolism	TDO2	2	Enzyme	6.4257E-12	tryptophan 2,3-dioxygenase	2013	2015	1	12	4	R-HSA-1430728	0.65	6999	ENSG00000151790	protein-coding	1	P48775	0.53	0.91	0
1.0	0	Developmental Biology,Cell Cycle,Disease,Metabolism of proteins,Programmed Cell Death,Gene expression (Transcription),Cellular responses to stimuli	CDKN2A	518		0.61755	cyclin dependent kinase inhibitor 2A	2012	2013	0	111	2	R-HSA-1266738,R-HSA-1640170,R-HSA-1643685,R-HSA-392499,R-HSA-5357801,R-HSA-74160,R-HSA-8953897	0.65	1029	ENSG00000147889	protein-coding	0	P42771,Q8N726	0.29	0.96	1
1.0	0	Neuronal System,Signal Transduction,Disease	NTRK3	18	Kinase		neurotrophic receptor tyrosine kinase 3	2008	2008	0	26	2	R-HSA-112316,R-HSA-162582,R-HSA-1643685	0.65	4916	ENSG00000140538	protein-coding	0	Q16288	0.44	0.91	0
1.0	0	Transport of small molecules	SLC6A15	0	Transporter	0.15878	solute carrier family 6 member 15	2011	2013	1	2	2	R-HSA-382551	0.65	55117	ENSG00000072041	protein-coding	1	Q9H2J7	0.7	0.61	0
1.0	0	Neuronal System,Metabolism,Signal Transduction,Disease,Transport of small molecules,Cellular responses to stimuli	ADCY7	5		2.8053E-13	adenylate cyclase 7	2006	2012	0	14	2	R-HSA-112316,R-HSA-1430728,R-HSA-162582,R-HSA-1643685,R-HSA-382551,R-HSA-8953897	0.65	113	ENSG00000121281	protein-coding	0	P51828	0.6	0.83	0
1.0	0	Metabolism	LHPP	28	Enzyme	3.4654E-8	phospholysine phosphohistidine inorganic pyrophosphate phosphatase	2009	2015	0	2	2	R-HSA-1430728	0.65	64077	ENSG00000107902	protein-coding	0	Q9H008	0.58	0.87	0
0.75	0	Developmental Biology,Signal Transduction,Disease	FGFR1	351	Kinase	1.0	fibroblast growth factor receptor 1	2008	2013	1	77	2	R-HSA-1266738,R-HSA-162582,R-HSA-1643685	0.65	2260	ENSG00000077782	protein-coding	1	P11362	0.33	0.96	1
0.875	0	Signal Transduction,Disease,Immune System,Gene expression (Transcription),Cellular responses to stimuli,Autophagy	MTOR	90	Kinase	1.0	mechanistic target of rapamycin kinase	2011	2013	1	57	2	R-HSA-162582,R-HSA-1643685,R-HSA-168256,R-HSA-74160,R-HSA-8953897,R-HSA-9612973	0.65	2475	ENSG00000198793	protein-coding	1	P42345	0.31	0.91	0
1.0	0	Neuronal System	GRIK4	18	Ion channel	0.040166	glutamate ionotropic receptor kainate type subunit 4	2012	2012	1	7	1	R-HSA-112316	0.65	2900	ENSG00000149403	protein-coding	1	Q16099	0.58	0.78	2
1.0	0	Signal Transduction	CRHBP	0	Signaling	0.0044795	corticotropin releasing hormone binding protein	2003	2003	1	8	1	R-HSA-162582	0.65	1393	ENSG00000145708	protein-coding	1	P24387	0.63	0.65	0
0.5	0	Neuronal System,Signal Transduction	DLG2	56	Receptor	0.99975	discs large MAGUK scaffold protein 2	2005	2005	1	6	1	R-HSA-112316,R-HSA-162582	0.65	1740	ENSG00000150672	protein-coding	1	Q15700	0.54	0.91	0
0.7142857142857143	0		FMR1	17	Nucleic acid binding		fragile X messenger ribonucleoprotein 1	2009	2009	0	23	1		0.65	2332	ENSG00000102081	protein-coding	0	Q06787	0.43	0.91	0
1.0	0		MORC1	4		0.024736	MORC family CW-type zinc finger 1	2014	2014	0	2	1		0.65	27136	ENSG00000114487	protein-coding	0	Q86VD1	0.71	0.65	0
1.0	0	Neuronal System,Metabolism,Disease,Immune System,Metabolism of proteins,Vesicle-mediated transport,Protein localization,Sensory Perception	VAMP2	8		0.99957	vesicle associated membrane protein 2	2014	2014	1	4	1	R-HSA-112316,R-HSA-1430728,R-HSA-1643685,R-HSA-168256,R-HSA-392499,R-HSA-5653656,R-HSA-9609507,R-HSA-9709957	0.65	6844	ENSG00000220205	protein-coding	1	P63027	0.58	0.65	0
0.6666666666666666	0	Hemostasis,Metabolism,Sensory Perception	LRP8	10		0.40345	LDL receptor related protein 8	2010	2010	0	14	1	R-HSA-109582,R-HSA-1430728,R-HSA-9709957	0.65	7804	ENSG00000157193	protein-coding	0	Q14114	0.49	0.87	1
0.5	0		PAWR	4		4.1742E-4	pro-apoptotic WT1 regulator	2011	2011	0	7	1		0.65	5074	ENSG00000177425	protein-coding	0	Q96IZ0	0.52	0.91	0
1.0	0		CNP	8	Enzyme	0.9998	2',3'-cyclic nucleotide 3' phosphodiesterase	2011	2011	0	7	1		0.65	1267	ENSG00000173786	protein-coding	0	P09543	0.54	0.87	0
1.0	0	Signal Transduction,Disease,Gene expression (Transcription)	ESR2	17	Nuclear receptor	5.8401E-10	estrogen receptor 2	2007	2007	0	49	1	R-HSA-162582,R-HSA-1643685,R-HSA-74160	0.65	2100	ENSG00000140009	protein-coding	0	Q92731	0.39	0.91	3
1.0	0		MIR30E	0			microRNA 30e	2010	2010	0	8	1		0.65	407034	ENSG00000198974	ncRNA	0		0.55	0.87	0
1.0	0	Signal Transduction,Disease,Vesicle-mediated transport,Cellular responses to stimuli	GJA1	142	Cell-cell junction	0.96349	gap junction protein alpha 1	2008	2008	1	50	1	R-HSA-162582,R-HSA-1643685,R-HSA-5653656,R-HSA-8953897	0.65	2697	ENSG00000152661	protein-coding	2	P17302	0.37	0.91	0
1.0	0	Hemostasis,Signal Transduction,Disease,Metabolism of proteins,Vesicle-mediated transport	ARRB1	2	Enzyme modulator	0.1458	arrestin beta 1	2013	2013	2	4	1	R-HSA-109582,R-HSA-162582,R-HSA-1643685,R-HSA-392499,R-HSA-5653656	0.65	408	ENSG00000137486	protein-coding	2	P49407	0.52	0.96	0
1.0	0	Hemostasis,Developmental Biology,Extracellular matrix organization,Signal Transduction,Gene expression (Transcription)	SERPINE1	56	Enzyme modulator	0.03418	serpin family E member 1	2008	2008	0	64	1	R-HSA-109582,R-HSA-1266738,R-HSA-1474244,R-HSA-162582,R-HSA-74160	0.65	5054	ENSG00000106366	protein-coding	0	P05121	0.34	0.96	0
1.0	0		CC2D1A	41		2.5728E-9	coiled-coil and C2 domain containing 1A	2010	2010	1	10	1		0.65	54862	ENSG00000132024	protein-coding	1	Q6P1N0	0.63	0.7	0
0.6666666666666666	0	Immune System,Gene expression (Transcription),Cellular responses to stimuli,Protein localization	CAT	5	Enzyme	1.6098E-8	catalase	2014	2014	2	95	1	R-HSA-168256,R-HSA-74160,R-HSA-8953897,R-HSA-9609507	0.65	847	ENSG00000121691	protein-coding	4	P04040	0.36	1.0	0
1.0	0	Extracellular matrix organization,Immune System	MMP8	1	Enzyme	9.6895E-23	matrix metallopeptidase 8	2013	2013	0	9	1	R-HSA-1474244,R-HSA-168256	0.65	4317	ENSG00000118113	protein-coding	0	P22894	0.44	0.91	0
0.8333333333333334	0	Vesicle-mediated transport	DTNBP1	17		2.4293E-10	dystrobrevin binding protein 1	2004	2011	0	14	5	R-HSA-5653656	0.6	84062	ENSG00000047579	protein-coding	0	Q96EV8	0.56	0.74	0
1.0	0	Signal Transduction	DRD3	13	G-protein coupled receptor	0.65555	dopamine receptor D3	2006	2014	2	29	5	R-HSA-162582	0.6	1814	ENSG00000151577	protein-coding	3	P35462	0.49	0.83	0
0.8571428571428571	0	Neuronal System,Developmental Biology,Signal Transduction	DLG4	351	Receptor	1.0	discs large MAGUK scaffold protein 4	2004	2011	0	23	4	R-HSA-112316,R-HSA-1266738,R-HSA-162582	0.6	1742	ENSG00000132535	protein-coding	0	P78352	0.53	0.87	0
0.75	0		DAOA	0		2.1649E-5	D-amino acid oxidase activator	2011	2014	1	11	4		0.6	267012	ENSG00000182346	protein-coding	1	P59103	0.63	0.57	0
1.0	0	Developmental Biology,Signal Transduction	ARTN	0	Signaling	0.06954	artemin	2008	2015	0	7	4	R-HSA-1266738,R-HSA-162582	0.6	9048	ENSG00000117407	protein-coding	0	Q5T4W7	0.59	0.83	0
0.8	0	Metabolism,Drug ADME	CYP2C9	4		1.1489E-20	cytochrome P450 family 2 subfamily C member 9	2007	2013	0	14	3	R-HSA-1430728,R-HSA-9748784	0.6	1559	ENSG00000138109	protein-coding	0	P11712	0.45	0.96	0
1.0	0	Metabolism	DBH	162		9.2071E-13	dopamine beta-hydroxylase	2002	2015	1	22	3	R-HSA-1430728	0.6	1621	ENSG00000123454	protein-coding	2	P09172	0.48	0.91	0
0.75	0	Neuronal System,Developmental Biology,Signal Transduction	DLG3	26			discs large MAGUK scaffold protein 3	2004	2008	0	12	3	R-HSA-112316,R-HSA-1266738,R-HSA-162582	0.6	1741	ENSG00000082458	protein-coding	0	Q92796	0.59	0.87	0
1.0	0	Immune System,Programmed Cell Death,Gene expression (Transcription)	APAF1	3		2.138E-12	apoptotic peptidase activating factor 1	2006	2010	0	10	2	R-HSA-168256,R-HSA-5357801,R-HSA-74160	0.6	317	ENSG00000120868	protein-coding	0	O14727	0.51	0.83	0
1.0	0	Signal Transduction	PROK2	12	Signaling	0.02337	prokineticin 2	2009	2010	0	23	2	R-HSA-162582	0.6	60675	ENSG00000163421	protein-coding	0	Q9HC23	0.5	0.91	0
1.0	0	Disease,Vesicle-mediated transport	CUX1	52	Transcription factor	1.0	cut like homeobox 1	2011	2013	0	11	2	R-HSA-1643685,R-HSA-5653656	0.6	1523	ENSG00000257923	protein-coding	0	P39880,Q13948	0.51	0.87	0
1.0	0	Hemostasis	EHD3	10	Enzyme modulator	0.6087	EH domain containing 3	2012	2014	0	4	2	R-HSA-109582	0.6	30845	ENSG00000013016	protein-coding	0	Q9NZN3	0.73	0.44	0
0.8333333333333334	0	Disease,Immune System,Metabolism of RNA,Cellular responses to stimuli	HSPA1A	4		0.27696	heat shock protein family A (Hsp70) member 1A	1999	2007	0	35	2	R-HSA-1643685,R-HSA-168256,R-HSA-8953854,R-HSA-8953897	0.6	3303	ENSG00000204389	protein-coding	0	P0DMV9,P0DMV8	0.37	0.91	1
1.0	0	Disease,Immune System,Metabolism of RNA,Cellular responses to stimuli	HSPA1B	3		0.0074976	heat shock protein family A (Hsp70) member 1B	1999	2007	0	26	2	R-HSA-1643685,R-HSA-168256,R-HSA-8953854,R-HSA-8953897	0.6	3304	ENSG00000204388	protein-coding	0	P0DMV9,P0DMV8	0.46	0.91	0
0.75	0		DCANP1	0		0.10358	dendritic cell associated nuclear protein 1	2010	2011	1	3	2		0.6	140947	ENSG00000251380	protein-coding	1	Q8TF63	0.82	0.26	0
1.0	0	Neuronal System	HTR3A	2	Ion channel	8.7803E-12	5-hydroxytryptamine receptor 3A	2006	2012	0	15	2	R-HSA-112316	0.6	3359	ENSG00000166736	protein-coding	0	P46098	0.51	0.87	0
1.0	0	Cell Cycle,Organelle biogenesis and maintenance,Autophagy	PCNT	401		1.5788E-84	pericentrin	2009	2010	0	14	2	R-HSA-1640170,R-HSA-1852241,R-HSA-9612973	0.6	5116	ENSG00000160299	protein-coding	0	O95613	0.52	0.83	0
1.0	0	Developmental Biology	RELN	990		1.0	reelin	2013	2013	0	35	2	R-HSA-1266738	0.6	5649	ENSG00000189056	protein-coding	0	P78509	0.45	0.91	0
1.0	0		TSNAX-DISC1	13			TSNAX-DISC1 readthrough (NMD candidate)	2010	2012	1	7	2		0.6	100303453	ENSG00000270106	ncRNA	1		0.82	0.04	0
1.0	0	Neuronal System	HTR3B	1	Ion channel	1.4356E-8	5-hydroxytryptamine receptor 3B	2006	2008	0	10	2	R-HSA-112316	0.6	9177	ENSG00000149305	protein-coding	0	O95264	0.62	0.57	0
1.0	0	Metabolism	KMO	0		0.14672	kynurenine 3-monooxygenase	2011	2012	2	6	2	R-HSA-1430728	0.6	8564	ENSG00000117009	protein-coding	5	O15229	0.59	0.87	0
1.0	0	Hemostasis,Signal Transduction	PDE11A	34		2.8434E-8	phosphodiesterase 11A	2006	2006	0	4	1	R-HSA-109582,R-HSA-162582	0.6	50940	ENSG00000128655	protein-coding	0	Q9HCR9	0.51	0.91	0
1.0	0	Disease,Immune System	TLR7	6			toll like receptor 7	2014	2014	0	10	1	R-HSA-1643685,R-HSA-168256	0.6	51284	ENSG00000196664	protein-coding	0	Q9NYK1	0.43	0.91	0
1.0	0	Metabolism	SAT1	0			spermidine/spermine N1-acetyltransferase 1	2009	2009	0	13	1	R-HSA-1430728	0.6	6303	ENSG00000130066	protein-coding	0	P21673	0.55	0.83	0
1.0	0	Signal Transduction,Transport of small molecules,Gene expression (Transcription)	SGK1	5	Kinase	0.0020197	serum/glucocorticoid regulated kinase 1	2012	2012	0	10	1	R-HSA-162582,R-HSA-382551,R-HSA-74160	0.6	6446	ENSG00000118515	protein-coding	0	O00141	0.48	0.91	0
1.0	0	Signal Transduction,Disease,Gene expression (Transcription)	HDAC5	8	Epigenetic regulator	1.0	histone deacetylase 5	2007	2007	0	12	1	R-HSA-162582,R-HSA-1643685,R-HSA-74160	0.6	10014	ENSG00000108840	protein-coding	0	Q9UQL6	0.53	0.87	0
1.0	0		FREM3	3		2.9683E-25	FRAS1 related extracellular matrix 3	2012	2012	0	4	1		0.6	166752	ENSG00000183090	protein-coding	0	P0C091	0.76	0.44	0
1.0	0		TEF	9	Nucleic acid binding	0.99624	TEF transcription factor, PAR bZIP family member	2014	2014	0	2	1		0.6	7008	ENSG00000167074	protein-coding	0	Q10587	0.65	0.61	0
1.0	0	Developmental Biology,Metabolism,Signal Transduction,Cell Cycle,Disease,Immune System,Organelle biogenesis and maintenance,Programmed Cell Death,Vesicle-mediated transport,Gene expression (Transcription),Cellular responses to stimuli,Autophagy	HSP90AA1	1	Chaperone	1.0	heat shock protein 90 alpha family class A member 1	2011	2011	0	8	1	R-HSA-1266738,R-HSA-1430728,R-HSA-162582,R-HSA-1640170,R-HSA-1643685,R-HSA-168256,R-HSA-1852241,R-HSA-5357801,R-HSA-5653656,R-HSA-74160,R-HSA-8953897,R-HSA-9612973	0.6	3320	ENSG00000080824	protein-coding	0	P07900	0.41	0.91	0
1.0	0	Metabolism	NDUFV2	26		0.82697	NADH:ubiquinone oxidoreductase core subunit V2	2008	2008	0	18	1	R-HSA-1430728	0.6	4729	ENSG00000178127	protein-coding	0	P19404	0.6	0.61	0
1.0	0	Signal Transduction,Disease	NTF3	4	Signaling	0.96535	neurotrophin 3	2008	2008	1	15	1	R-HSA-162582,R-HSA-1643685	0.6	4908	ENSG00000185652	protein-coding	1	P20783	0.47	0.91	0
1.0	0	Signal Transduction,Disease,Transport of small molecules,Vesicle-mediated transport	AVP	24	Signaling	3.3806E-5	arginine vasopressin	2006	2006	3	43	1	R-HSA-162582,R-HSA-1643685,R-HSA-382551,R-HSA-5653656	0.6	551	ENSG00000101200	protein-coding	4	P01185	0.38	0.96	0
1.0	0	Hemostasis,Neuronal System,Signal Transduction,Cell Cycle,Immune System,Gene expression (Transcription)	PRKCB	15	Kinase	1.0	protein kinase C beta	2010	2010	0	14	1	R-HSA-109582,R-HSA-112316,R-HSA-162582,R-HSA-1640170,R-HSA-168256,R-HSA-74160	0.6	5579	ENSG00000166501	protein-coding	0	P05771	0.48	0.91	0
1.0	0	Developmental Biology,Signal Transduction,Disease,Immune System	MAP2K1	113	Kinase	0.96688	mitogen-activated protein kinase kinase 1	2014	2014	0	35	1	R-HSA-1266738,R-HSA-162582,R-HSA-1643685,R-HSA-168256	0.6	5604	ENSG00000169032	protein-coding	0	Q02750	0.38	0.91	0
0.5	0	Protein localization,Autophagy	TOMM40	48	Transporter	0.99571	translocase of outer mitochondrial membrane 40	2014	2014	0	7	1	R-HSA-9609507,R-HSA-9612973	0.6	10452	ENSG00000130204	protein-coding	0	O96008	0.49	0.91	0
1.0	0	Immune System,Cellular responses to stimuli	HSPA1L	12		2.4815E-7	heat shock protein family A (Hsp70) member 1 like	2007	2007	1	11	1	R-HSA-168256,R-HSA-8953897	0.6	3305	ENSG00000204390	protein-coding	1	P34931	0.4	0.91	1
1.0	0	Disease,Immune System	KPNA3	7	Transporter	0.99999	karyopherin subunit alpha 3	2012	2012	1	6	1	R-HSA-1643685,R-HSA-168256	0.6	3839	ENSG00000102753	protein-coding	1	O00505	0.62	0.7	0
0.75	0	Metabolism,Immune System	PTGS2	1	Enzyme	1.0	prostaglandin-endoperoxide synthase 2	2010	2010	1	142	1	R-HSA-1430728,R-HSA-168256	0.6	5743	ENSG00000073756	protein-coding	1	P35354	0.31	0.96	0
1.0	0		PTPRR	16		0.006	protein tyrosine phosphatase receptor type R	2012	2012	0	2	1		0.6	5801	ENSG00000153233	protein-coding	0	Q15256	0.65	0.61	0
1.0	0	Developmental Biology,Signal Transduction,Cell Cycle,Disease,Immune System,Chromatin organization,Gene expression (Transcription)	CCND1	18	Enzyme modulator	0.71899	cyclin D1	2008	2008	0	70	1	R-HSA-1266738,R-HSA-162582,R-HSA-1640170,R-HSA-1643685,R-HSA-168256,R-HSA-4839726,R-HSA-74160	0.6	595	ENSG00000110092	protein-coding	0	P24385	0.32	0.91	0
1.0	0	Signal Transduction,Disease	BCR	6	Enzyme modulator	5.9807E-6	BCR activator of RhoGEF and GTPase	2005	2005	0	14	1	R-HSA-162582,R-HSA-1643685	0.6	613	ENSG00000186716	protein-coding	0	P11274	0.44	0.91	0
1.0	0	Signal Transduction	ADRA1A	1	G-protein coupled receptor	3.5799E-11	adrenoceptor alpha 1A	2010	2010	1	15	1	R-HSA-162582	0.6	148	ENSG00000120907	protein-coding	1	P35348	0.51	0.87	0
1.0	0	Immune System,Gene expression (Transcription)	CTLA4	98		0.99828	cytotoxic T-lymphocyte associated protein 4	2011	2011	0	81	1	R-HSA-168256,R-HSA-74160	0.6	1493	ENSG00000163599	protein-coding	0	P16410	0.34	0.91	0
1.0	0	Metabolism	DDC	206		7.6141E-10	dopa decarboxylase	2010	2010	0	19	1	R-HSA-1430728	0.6	1644	ENSG00000132437	protein-coding	0	P20711	0.48	0.91	0
0.5	0	Neuronal System,Metabolism,Signal Transduction	PLCB1	383	Enzyme	1.0	phospholipase C beta 1	2012	2012	0	14	1	R-HSA-112316,R-HSA-1430728,R-HSA-162582	0.6	23236	ENSG00000182621	protein-coding	0	Q9NQ66	0.51	0.87	0
1.0	0	Disease	QKI	6	Nucleic acid binding	0.99608	QKI, KH domain containing RNA binding	2009	2009	0	8	1	R-HSA-1643685	0.6	9444	ENSG00000112531	protein-coding	0	Q96PU8	0.56	0.7	0
0.8	0	Neuronal System	HOMER1	0		1.0	homer scaffold protein 1	2010	2010	0	8	1	R-HSA-112316	0.6	9456	ENSG00000152413	protein-coding	0	Q86YM7	0.59	0.61	0
1.0	0	Signal Transduction,Disease,Immune System,Metabolism of proteins,Cellular responses to stimuli	IKBKE	5	Kinase	2.1156E-5	inhibitor of nuclear factor kappa B kinase subunit epsilon	2010	2010	0	2	1	R-HSA-162582,R-HSA-1643685,R-HSA-168256,R-HSA-392499,R-HSA-8953897	0.6	9641	ENSG00000263528	protein-coding	0	Q14164	0.59	0.78	0
0.8	0	Neuronal System,Gene expression (Transcription)	GRIA2	31	Ion channel	1.0	glutamate ionotropic receptor AMPA type subunit 2	2012	2012	0	12	1	R-HSA-112316,R-HSA-74160	0.6	2891	ENSG00000120251	protein-coding	0	P42262	0.52	0.91	0
1.0	0	Metabolism of proteins,Gene expression (Transcription)	NR4A2	48	Nuclear receptor	1.0	nuclear receptor subfamily 4 group A member 2	2006	2006	0	28	1	R-HSA-392499,R-HSA-74160	0.6	4929	ENSG00000153234	protein-coding	0	P43354	0.46	0.96	0
0.5	0	Developmental Biology,Metabolism,Signal Transduction,Cell Cycle,Disease,Immune System,Transport of small molecules,Metabolism of proteins,Programmed Cell Death,DNA Replication,Gene expression (Transcription),Metabolism of RNA,Cellular responses to stimuli	PSMB4	6		0.12643	proteasome 20S subunit beta 4	2008	2008	0	5	1	R-HSA-1266738,R-HSA-1430728,R-HSA-162582,R-HSA-1640170,R-HSA-1643685,R-HSA-168256,R-HSA-382551,R-HSA-392499,R-HSA-5357801,R-HSA-69306,R-HSA-74160,R-HSA-8953854,R-HSA-8953897	0.6	5692	ENSG00000159377	protein-coding	0	P28070	0.61	0.87	0
1.0	0		RAPH1	7	Receptor	0.99999	Ras association (RalGDS/AF-6) and pleckstrin homology domains 1	2014	2014	0	4	1		0.6	65059	ENSG00000173166	protein-coding	0	Q70E73	0.66	0.61	0
1.0	0	Developmental Biology,Signal Transduction,Disease,Vesicle-mediated transport,Gene expression (Transcription)	EGFR	338	Kinase	0.98131	epidermal growth factor receptor	2011	2011	0	97	1	R-HSA-1266738,R-HSA-162582,R-HSA-1643685,R-HSA-5653656,R-HSA-74160	0.6	1956	ENSG00000146648	protein-coding	0	P00533	0.27	0.91	0
1.0	0	Developmental Biology,Signal Transduction,Gene expression (Transcription)	SOX9	98		1.0	SRY-box transcription factor 9	2015	2015	0	32	1	R-HSA-1266738,R-HSA-162582,R-HSA-74160	0.6	6662	ENSG00000125398	protein-coding	0	P48436	0.4	0.91	0
1.0	0		MYT1L	65	Transcription factor	1.0	myelin transcription factor 1 like	2010	2010	0	12	1		0.6	23040	ENSG00000186487	protein-coding	0	Q9UL68	0.5	0.87	0
1.0	0	Developmental Biology,Signal Transduction,Cell Cycle	TERT	899	Enzyme	0.0018566	telomerase reverse transcriptase	2014	2014	0	98	1	R-HSA-1266738,R-HSA-162582,R-HSA-1640170	0.6	7015	ENSG00000164362	protein-coding	0	O14746	0.33	0.96	0
1.0	0	Neuronal System,Signal Transduction	GABBR2	156	G-protein coupled receptor	0.99997	gamma-aminobutyric acid type B receptor subunit 2	2013	2013	0	16	1	R-HSA-112316,R-HSA-162582	0.6	9568	ENSG00000136928	protein-coding	0	O75899	0.51	0.83	0
1.0	0		FOXP2	145		1.0	forkhead box P2	2013	2013	0	21	1		0.55	93986	ENSG00000128573	protein-coding	0	O15409	0.48	0.91	3
1.0	0		RAPGEF5	6	Enzyme modulator	3.2315E-10	Rap guanine nucleotide exchange factor 5	2010	2010	0	5	1		0.55	9771	ENSG00000136237	protein-coding	0	Q92565	0.51	0.87	1
1.0	0	Signal Transduction,Immune System	RNF41	1		0.99995	ring finger protein 41	2009	2009	0	4	1	R-HSA-162582,R-HSA-168256	0.55	10193	ENSG00000181852	protein-coding	0	Q9H4P4	0.63	0.74	0
1.0	0		NPAS3	29	Transcription factor		neuronal PAS domain protein 3	2010	2010	0	6	1		0.55	64067	ENSG00000151322	protein-coding	0	Q8IXF0	0.61	0.83	2
1.0	0	Signal Transduction	GALR2	0	G-protein coupled receptor	0.011805	galanin receptor 2	2011	2011	0	5	1	R-HSA-162582	0.55	8811	ENSG00000182687	protein-coding	0	O43603	0.62	0.83	0
1.0	0	Signal Transduction	GMIP	2		5.5297E-8	GEM interacting protein	2005	2005	0	2	1	R-HSA-162582	0.55	51291	ENSG00000089639	protein-coding	0	Q9P107	0.67	0.44	1
1.0	0	Metabolism,Metabolism of proteins	NDUFV1	83		2.6827E-13	NADH:ubiquinone oxidoreductase core subunit V1	2008	2008	0	9	1	R-HSA-1430728,R-HSA-392499	0.5	4723	ENSG00000167792	protein-coding	0	P49821	0.58	0.7	0
1.0	0		NELL1	21	Calcium-binding protein	1.6621E-13	neural EGFL like 1	2013	2013	0	6	1		0.5	4745	ENSG00000165973	protein-coding	0	Q92832	0.56	0.87	0
1.0	0	Disease,Immune System	OAS2	1	Enzyme	7.3595E-20	2'-5'-oligoadenylate synthetase 2	2012	2012	0	6	1	R-HSA-1643685,R-HSA-168256	0.5	4939	ENSG00000111335	protein-coding	0	P29728	0.58	0.87	0
1.0	0		ACP1	3		1.469E-7	acid phosphatase 1	2002	2002	0	14	1		0.5	52	ENSG00000143727	protein-coding	0	P24666	0.43	0.91	0
1.0	0	Transport of small molecules	ATP7B	1000	Transporter	9.8747E-36	ATPase copper transporting beta	2007	2007	0	35	1	R-HSA-382551	0.5	540	ENSG00000123191	protein-coding	0	P35670	0.47	0.91	0
1.0	0	Developmental Biology,Extracellular matrix organization	BMP7	13	Signaling	0.95824	bone morphogenetic protein 7	2012	2012	0	14	1	R-HSA-1266738,R-HSA-1474244	0.5	655	ENSG00000101144	protein-coding	0	P18075	0.47	0.87	0
1.0	0	Immune System	IL24	0		4.9349E-8	interleukin 24	2008	2008	0	11	1	R-HSA-168256	0.5	11009	ENSG00000162892	protein-coding	0	Q13007	0.5	0.83	0
1.0	0	Metabolism	ACSM1	3	Enzyme	2.4772E-26	acyl-CoA synthetase medium chain family member 1	2015	2015	0	4	1	R-HSA-1430728	0.5	116285	ENSG00000166743	protein-coding	0	Q08AH1	0.71	0.57	0
0.0	0		CTNND2	13	Cellular structure	1.0	catenin delta 2	2014	2014	0	17	1		0.5	1501	ENSG00000169862	protein-coding	0	Q9UQB3	0.55	0.83	0
1.0	0	Developmental Biology,Signal Transduction,Metabolism of proteins,Metabolism of RNA	EIF4B	4	Nucleic acid binding	1.0	eukaryotic translation initiation factor 4B	2011	2011	0	2	1	R-HSA-1266738,R-HSA-162582,R-HSA-392499,R-HSA-8953854	0.5	1975	ENSG00000063046	protein-coding	0	P23588	0.63	0.74	0
1.0	0		EMP1	1	Cellular structure	0.81738	epithelial membrane protein 1	2011	2011	0	4	1		0.5	2012	ENSG00000134531	protein-coding	0	P54849	0.55	0.87	0
1.0	0	Metabolism of proteins	ENPEP	8	Enzyme	5.4005E-25	glutamyl aminopeptidase	2013	2013	0	5	1	R-HSA-392499	0.5	2028	ENSG00000138792	protein-coding	0	Q07075	0.57	0.83	0
0.0	0	Signal Transduction,Disease	ERBB3	28	Kinase	2.4388E-16	erb-b2 receptor tyrosine kinase 3	2012	2012	0	21	1	R-HSA-162582,R-HSA-1643685	0.5	2065	ENSG00000065361	protein-coding	0	P21860	0.42	0.91	0
1.0	0		TFCP2	1	Transcription factor	0.57201	transcription factor CP2	2006	2006	0	2	1		0.5	7024	ENSG00000135457	protein-coding	0	Q12800	0.6	0.78	0
1.0	0	Signal Transduction	CCKAR	2	G-protein coupled receptor	4.7524E-6	cholecystokinin A receptor	2006	2006	0	10	1	R-HSA-162582	0.5	886	ENSG00000163394	protein-coding	0	P32238	0.55	0.83	0
1.0	0	Signal Transduction,Disease,Immune System	TYK2	364	Kinase	1.4894E-7	tyrosine kinase 2	2010	2010	0	21	1	R-HSA-162582,R-HSA-1643685,R-HSA-168256	0.5	7297	ENSG00000105397	protein-coding	0	P29597	0.47	0.87	0
1.0	0	Immune System,Metabolism of proteins	ZBTB16	26	Transcription factor	1.0	zinc finger and BTB domain containing 16	2010	2010	0	7	1	R-HSA-168256,R-HSA-392499	0.5	7704	ENSG00000109906	protein-coding	0	Q05516	0.5	0.91	0
1.0	0	Neuronal System,Signal Transduction,Disease,Immune System,Transport of small molecules,Muscle contraction,Gene expression (Transcription),Cellular responses to stimuli	CAMK2A	23	Kinase	1.0	calcium/calmodulin dependent protein kinase II alpha	2008	2008	0	18	1	R-HSA-112316,R-HSA-162582,R-HSA-1643685,R-HSA-168256,R-HSA-382551,R-HSA-397014,R-HSA-74160,R-HSA-8953897	0.5	815	ENSG00000070808	protein-coding	0	Q9UQM7	0.49	0.91	0
1.0	0	Developmental Biology,Metabolism,Disease,Gene expression (Transcription)	MED12	322	Transcription factor		mediator complex subunit 12	2002	2002	0	40	1	R-HSA-1266738,R-HSA-1430728,R-HSA-1643685,R-HSA-74160	0.5	9968	ENSG00000184634	protein-coding	0	Q93074	0.43	0.91	0
1.0	0	Signal Transduction,Immune System,Metabolism of proteins,Cellular responses to stimuli	HIF1A	2	Transcription factor	0.99998	hypoxia inducible factor 1 subunit alpha	2013	2013	0	56	1	R-HSA-162582,R-HSA-168256,R-HSA-392499,R-HSA-8953897	0.5	3091	ENSG00000100644	protein-coding	0	Q16665	0.32	0.96	0
1.0	0	Metabolism,Disease,Immune System	APRT	84		4.6612E-11	adenine phosphoribosyltransferase	2000	2000	0	11	1	R-HSA-1430728,R-HSA-1643685,R-HSA-168256	0.5	353	ENSG00000198931	protein-coding	0	P07741	0.52	0.83	0
1.0	0	Metabolism	LDHA	48	Enzyme	0.77284	lactate dehydrogenase A	2013	2013	0	20	1	R-HSA-1430728	0.5	3939	ENSG00000134333	protein-coding	0	P00338	0.37	0.91	0
1.0	0	Gene expression (Transcription),Metabolism of RNA	SRRT	3		1.0	serrate, RNA effector molecule	2011	2011	0	6	1	R-HSA-74160,R-HSA-8953854	0.5	51593	ENSG00000087087	protein-coding	0	Q9BXP5	0.7	0.52	0
1.0	0	Metabolism	PFKFB3	6	Kinase	0.0051837	6-phosphofructo-2-kinase/fructose-2,6-biphosphatase 3	2013	2013	0	11	1	R-HSA-1430728	0.5	5209	ENSG00000170525	protein-coding	0	Q16875	0.51	0.91	0
1.0	0	Hemostasis,Extracellular matrix organization,Signal Transduction,Metabolism of proteins	PLG	58	Enzyme	0.16223	plasminogen	2008	2008	0	26	1	R-HSA-109582,R-HSA-1474244,R-HSA-162582,R-HSA-392499	0.5	5340	ENSG00000122194	protein-coding	0	P00747	0.42	0.91	0
1.0	0	Transport of small molecules	SLC17A6	2	Transporter	0.0016788	solute carrier family 17 member 6	2009	2009	0	8	1	R-HSA-382551	0.5	57084	ENSG00000091664	protein-coding	0	Q9P2U8	0.65	0.61	0
1.0	0	Immune System	PTX3	0		6.1092E-10	pentraxin 3	2004	2004	0	10	1	R-HSA-168256	0.5	5806	ENSG00000163661	protein-coding	0	P26022	0.4	0.91	0
1.0	0	Neuronal System,Transport of small molecules	SLC1A6	3	Transporter	0.7147	solute carrier family 1 member 6	2002	2002	0	4	1	R-HSA-112316,R-HSA-382551	0.5	6511	ENSG00000105143	protein-coding	0	P48664	0.72	0.44	0
1.0	0	Signal Transduction	SSTR5	2	G-protein coupled receptor	0.12107	somatostatin receptor 5	2010	2010	0	7	1	R-HSA-162582	0.5	6755	ENSG00000162009	protein-coding	0	P35346	0.51	0.78	0
1.0	0	Cell-Cell communication	CDH7	14		0.59126	cadherin 7	2014	2014	0	4	1	R-HSA-1500931	0.5	1005	ENSG00000081138	protein-coding	0	Q9ULB5	0.66	0.78	0
1.0	0		CNTNAP2	750		1.8568E-18	contactin associated protein 2	2013	2013	0	42	1		0.5	26047	ENSG00000174469	protein-coding	0	Q9UHC6	0.44	0.91	0
1.0	0		HLF	12	Nucleic acid binding	0.99063	HLF transcription factor, PAR bZIP family member	2015	2015	0	6	1		0.5	3131	ENSG00000108924	protein-coding	0	Q16534	0.6	0.74	0
1.0	0	Metabolism,Immune System,Metabolism of proteins	ARSA	442	Enzyme	1.4824E-10	arylsulfatase A	1996	1996	0	22	1	R-HSA-1430728,R-HSA-168256,R-HSA-392499	0.5	410	ENSG00000100299	protein-coding	0	P15289	0.48	0.91	0
1.0	0	Cell Cycle,Metabolism of proteins,Gene expression (Transcription),Cellular responses to stimuli	MDM4	13	Nucleic acid binding	1.0	MDM4 regulator of p53	2010	2010	0	9	1	R-HSA-1640170,R-HSA-392499,R-HSA-74160,R-HSA-8953897	0.5	4194	ENSG00000198625	protein-coding	0	O15151	0.5	0.87	0
1.0	0	Immune System	IL20	1		5.2177E-6	interleukin 20	2008	2008	0	7	1	R-HSA-168256	0.5	50604	ENSG00000162891	protein-coding	0	Q9NYY1	0.6	0.78	0
1.0	0	Metabolism	GDE1	0		8.0281E-4	glycerophosphodiester phosphodiesterase 1	2015	2015	0	2	1	R-HSA-1430728	0.5	51573	ENSG00000006007	protein-coding	0	Q9NZC3	0.7	0.61	0
1.0	0		MCTP2	1		1.2854E-26	multiple C2 and transmembrane domain containing 2	2008	2008	0	4	1		0.5	55784	ENSG00000140563	protein-coding	0	Q6DN12	0.59	0.7	0
1.0	0	Signal Transduction,Disease,Chromatin organization,Gene expression (Transcription)	REST	40			RE1 silencing transcription factor	2010	2010	0	11	1	R-HSA-162582,R-HSA-1643685,R-HSA-4839726,R-HSA-74160	0.5	5978	ENSG00000084093	protein-coding	0	Q13127	0.52	0.91	0
1.0	0	Neuronal System,Disease,Transport of small molecules	SLC5A7	157	Transporter	0.99733	solute carrier family 5 member 7	2008	2008	0	15	1	R-HSA-112316,R-HSA-1643685,R-HSA-382551	0.5	60482	ENSG00000115665	protein-coding	0	Q9GZV3	0.57	0.83	0
1.0	0	Signal Transduction	BDKRB2	1	G-protein coupled receptor	8.0397E-5	bradykinin receptor B2	2009	2009	0	28	1	R-HSA-162582	0.5	624	ENSG00000168398	protein-coding	0	P30411	0.53	0.87	0
1.0	0	Metabolism,Immune System	HPSE	0	Enzyme	4.2572E-9	heparanase	2009	2009	0	10	1	R-HSA-1430728,R-HSA-168256	0.5	10855	ENSG00000173083	protein-coding	0	Q9Y251	0.44	0.87	0
1.0	0	Neuronal System,Metabolism,Signal Transduction,Disease,Transport of small molecules,Cellular responses to stimuli	ADCY5	86		1.0	adenylate cyclase 5	2010	2010	0	29	1	R-HSA-112316,R-HSA-1430728,R-HSA-162582,R-HSA-1643685,R-HSA-382551,R-HSA-8953897	0.5	111	ENSG00000173175	protein-coding	0	O95622	0.53	0.87	0
1.0	0	Signal Transduction,Disease,Immune System,Metabolism of proteins	CSF2RB	22	Receptor	0.93073	colony stimulating factor 2 receptor subunit beta	2011	2011	0	7	1	R-HSA-162582,R-HSA-1643685,R-HSA-168256,R-HSA-392499	0.5	1439	ENSG00000100368	protein-coding	0	P32927	0.62	0.83	0
1.0	0	Metabolism,Disease,Immune System,Metabolism of proteins,Vesicle-mediated transport	SEC24C	5	Transporter	1.0	SEC24 homolog C, COPII coat complex component	2011	2011	0	5	1	R-HSA-1430728,R-HSA-1643685,R-HSA-168256,R-HSA-392499,R-HSA-5653656	0.5	9632	ENSG00000176986	protein-coding	0	P53992	0.53	0.87	0
1.0	0		TBX21	11	Transcription factor	0.99994	T-box transcription factor 21	2008	2008	0	10	1		0.5	30009	ENSG00000073861	protein-coding	0	Q9UL17	0.46	0.91	0
1.0	0	Disease,Immune System	IRF7	170	Transcription factor	3.2948E-32	interferon regulatory factor 7	2011	2011	0	5	1	R-HSA-1643685,R-HSA-168256	0.5	3665	ENSG00000185507	protein-coding	0	Q92985	0.51	0.91	0
1.0	0	Metabolism of proteins	NTM	51		0.98694	neurotrimin	2011	2011	0	2	1	R-HSA-392499	0.5	50863	ENSG00000182667	protein-coding	0	Q9P121	0.59	0.91	0
1.0	0		CCL24	3	Signaling	0.087078	C-C motif chemokine ligand 24	2014	2014	0	8	1		0.5	6369	ENSG00000106178	protein-coding	0	O00175	0.54	0.91	0
1.0	0		USP46	0	Enzyme	0.98981	ubiquitin specific peptidase 46	2011	2011	0	2	1		0.5	64854	ENSG00000109189	protein-coding	0	P62068	0.66	0.74	0
1.0	0	Neuronal System,Transport of small molecules	SLC6A13	5	Transporter	2.0547E-19	solute carrier family 6 member 13	2010	2010	0	3	1	R-HSA-112316,R-HSA-382551	0.5	6540	ENSG00000010379	protein-coding	0	Q9NSD5	0.71	0.57	0
1.0	0	Signal Transduction	UCN3	1		0.064657	urocortin 3	2007	2007	0	4	1	R-HSA-162582	0.5	114131	ENSG00000178473	protein-coding	0	Q969E3	0.63	0.7	0
0.0	0		PRIMA1	56		0.074692	proline rich membrane anchor 1	2012	2012	0	6	1		0.5	145270	ENSG00000175785	protein-coding	0	Q86XR5	0.62	0.7	0
1.0	0		CMYA5	1		1.6693E-53	cardiomyopathy associated 5	2014	2014	0	3	1		0.5	202333	ENSG00000164309	protein-coding	0	Q8N3K9	0.68	0.48	0
1.0	0	Developmental Biology	FOXD3	1	Transcription factor	0.034023	forkhead box D3	2007	2007	0	5	1	R-HSA-1266738	0.5	27022	ENSG00000187140	protein-coding	0	Q9UJU5	0.59	0.78	0
1.0	0		REEP5	4	Transporter	5.2291E-8	receptor accessory protein 5	2012	2012	0	4	1		0.5	7905	ENSG00000129625	protein-coding	0	Q00765	0.6	0.78	0
1.0	0	Signal Transduction	PEA15	0		0.99601	proliferation and apoptosis adaptor protein 15	2014	2014	0	2	1	R-HSA-162582	0.5	8682	ENSG00000162734	protein-coding	0	Q15121	0.59	0.65	0
1.0	0	Immune System	CD34	5		1.0605E-10	CD34 molecule	2009	2009	0	5	1	R-HSA-168256	0.5	947	ENSG00000174059	protein-coding	0	P28906	0.32	0.91	0
1.0	0	Immune System,Metabolism of proteins	ANPEP	4	Enzyme	4.2793E-12	alanyl aminopeptidase, membrane	2013	2013	0	5	1	R-HSA-168256,R-HSA-392499	0.5	290	ENSG00000166825	protein-coding	0	P15144	0.43	0.87	0
1.0	0	Immune System	IL11	2		3.7092E-7	interleukin 11	2013	2013	0	10	1	R-HSA-168256	0.5	3589	ENSG00000095752	protein-coding	0	P20809	0.44	0.87	0
1.0	0		ITIH1	15	Enzyme modulator	5.169E-28	inter-alpha-trypsin inhibitor heavy chain 1	2014	2014	0	9	1		0.5	3697	ENSG00000055957	protein-coding	0	P19827	0.6	0.74	0
1.0	0	Metabolism,Vesicle-mediated transport,Sensory Perception	LRP1	36		1.0	LDL receptor related protein 1	2010	2010	0	21	1	R-HSA-1430728,R-HSA-5653656,R-HSA-9709957	0.5	4035	ENSG00000123384	protein-coding	0	Q07954	0.44	0.87	0
1.0	0	Metabolism,Vesicle-mediated transport	M6PR	5	Receptor	5.6279E-4	mannose-6-phosphate receptor, cation dependent	2004	2004	0	7	1	R-HSA-1430728,R-HSA-5653656	0.5	4074	ENSG00000003056	protein-coding	0	P20645	0.67	0.7	0
1.0	0	Gene expression (Transcription)	DDIT4	0		1.0878E-7	DNA damage inducible transcript 4	2014	2014	0	7	1	R-HSA-74160	0.5	54541	ENSG00000168209	protein-coding	0	Q9NX09	0.53	0.87	0
1.0	0		GLT8D1	10		0.0016017	glycosyltransferase 8 domain containing 1	2014	2014	0	4	1		0.5	55830	ENSG00000016864	protein-coding	0	Q68CQ7	0.62	0.65	0
1.0	0	Metabolism	KYAT3	4	Enzyme	2.7627E-6	kynurenine aminotransferase 3	2011	2011	0	3	1	R-HSA-1430728	0.5	56267	ENSG00000137944	protein-coding	0	Q6YP21	0.75	0.39	0
1.0	0	Signal Transduction	BCL9	15		1.0	BCL9 transcription coactivator	2011	2011	0	8	1	R-HSA-162582	0.5	607	ENSG00000116128	protein-coding	0	O00512	0.59	0.7	0
1.0	0	Gene expression (Transcription),Autophagy	PINK1	162	Kinase	2.9907E-21	PTEN induced kinase 1	2008	2008	0	14	1	R-HSA-74160,R-HSA-9612973	0.5	65018	ENSG00000158828	protein-coding	0	Q9BXM7	0.46	0.91	0
1.0	0	Developmental Biology	SLIT3	26		0.96935	slit guidance ligand 3	2010	2010	0	5	1	R-HSA-1266738	0.5	6586	ENSG00000184347	protein-coding	0	O75094	0.55	0.87	0
1.0	0		MIR1202	0			microRNA 1202	2014	2014	0	2	1		0.5	100302259	ENSG00000221456	ncRNA	0		0.83	0.26	0
1.0	0		AKAP8	0		0.99294	A-kinase anchoring protein 8	2009	2009	0	3	1		0.5	10270	ENSG00000105127	protein-coding	0	O43823	0.7	0.57	0
1.0	0		ABI3BP	10		8.88E-43	ABI family member 3 binding protein	2010	2010	0	5	1		0.5	25890	ENSG00000154175	protein-coding	0	Q7Z7G0	0.64	0.74	0
1.0	0	Developmental Biology	PROM1	208	Transporter	1.1454E-27	prominin 1	2009	2009	0	28	1	R-HSA-1266738	0.5	8842	ENSG00000007062	protein-coding	0	O43490	0.39	0.96	0
1.0	0	Developmental Biology,Signal Transduction	KALRN	33	Kinase	1.0	kalirin RhoGEF kinase	2014	2014	0	11	1	R-HSA-1266738,R-HSA-162582	0.5	8997	ENSG00000160145	protein-coding	0	O60229	0.59	0.87	0
1.0	0	Metabolism of proteins,Cellular responses to stimuli	EDEM1	0		7.7383E-19	ER degradation enhancing alpha-mannosidase like protein 1	2014	2014	0	3	1	R-HSA-392499,R-HSA-8953897	0.5	9695	ENSG00000134109	protein-coding	0	Q92611	0.73	0.35	0
